"Level","Accumulated Ad LTV","Banner Ad LTV","Interstitial Ad LTV","Rewarded Ad LTV","App Open Ad LTV","MREC Ad LTV","Rewarded Interstitial Ad LTV","Native Ads Ad LTV","Audio Ads Ad LTV","Collapsible Banner Ad LTV","In-game Ad LTV","RPM (eCPM)","Ad LTV","Banner Impressions per User","Accumulated Banner LTV","Accumulated Banner Impressions per User","Accumulated Banner Impressions","Banner Revenue per User","Banner Impressions","Banner Engaged Users","Banner RPM (eCPM)","Interstitial Impressions per User","Accumulated Interstitial LTV","Accumulated Interstitial Impressions per User","Accumulated Interstitial Impressions","Interstitial Revenue per User","Interstitial Impressions","Interstitial Engaged Users","Interstitial RPM (eCPM)","Rewarded Impressions per User","Accumulated Rewarded LTV","Accumulated Rewarded Impressions per User","Accumulated Rewarded Impressions","Rewarded Revenue per User","Rewarded Impressions","Rewarded Engaged Users","Rewarded RPM (eCPM)","App Open Impressions per User","Accumulated App Open LTV","Accumulated App Open Impressions per User","Accumulated App Open Impressions","App Open Revenue per User","App Open Impressions","App Open Engaged Users","App Open RPM (eCPM)","MREC Impressions per User","Accumulated MREC LTV","Accumulated MREC Impressions per User","Accumulated MREC Impressions","MREC Revenue per User","MREC Impressions","MREC Engaged Users","MREC RPM (eCPM)","Rewarded Interstitial Impressions per User","Accumulated Rewarded Interstitial LTV","Accumulated Rewarded Interstitial Impressions per User","Accumulated Rewarded Interstitial Impressions","Rewarded Interstitial Revenue per User","Rewarded Interstitial Impressions","Rewarded Interstitial Engaged Users","Rewarded Interstitial RPM (eCPM)","Native Ads Impressions per User","Accumulated Native Ads LTV","Accumulated Native Ads Impressions per User","Accumulated Native Ads Impressions","Native Ads Revenue per User","Native Ads Impressions","Native Ads Engaged Users","Native Ads RPM (eCPM)","Audio Ads Impressions per User","Accumulated Audio Ads LTV","Accumulated Audio Ads Impressions per User","Accumulated Audio Ads Impressions","Audio Ads Revenue per User","Audio Ads Impressions","Audio Ads Engaged Users","Audio Ads RPM (eCPM)","Collapsible Banner Impressions per User","Accumulated Collapsible Banner LTV","Accumulated Collapsible Banner Impressions per User","Accumulated Collapsible Banner Impressions","Collapsible Banner Revenue per User","Collapsible Banner Impressions","Collapsible Banner Engaged Users","Collapsible Banner RPM (eCPM)","In-game Impressions per User","Accumulated In-game LTV","Accumulated In-game Impressions per User","Accumulated In-game Impressions","In-game Revenue per User","In-game Impressions","In-game Engaged Users","In-game RPM (eCPM)"
"1","$0.003","$0.003","","$0","","","","","","","","$1.175","$0.003","2.82","$0.003","2.34","5,107","$0.003","5,107","1,810","$1.093","","","","","","","","","1.13","$0","0.01","17","$0.029","17","15","$25.763","","","","","","","","","","","","","","","","","","","","","","","","","","","","","","","","","","","","","","","","","","","","","","","","","","","","","","","",""
"2","$0.016","$0.003","$0.001","$0.009","","","","","","","","$2.71","$0.013","5.64","$0.006","6.97","15,227","$0.004","10,120","1,793","$0.675","1.08","$0.001","0.04","81","$0.038","81","75","$35.331","1.11","$0.009","0.15","326","$0.067","309","279","$60.789","","","","","","","","","","","","","","","","","","","","","","","","","","","","","","","","","","","","","","","","","","","","","","","","","","","","","","","",""
"3","$0.038","$0.003","$0.012","$0.008","","","","","","","","$3.755","$0.024","6.74","$0.009","12.26","26,799","$0.004","11,572","1,718","$0.612","1.07","$0.013","0.47","1,032","$0.028","951","888","$26.04","1.16","$0.016","0.3","646","$0.059","320","277","$51.197","","","","","","","","","","","","","","","","","","","","","","","","","","","","","","","","","","","","","","","","","","","","","","","","","","","","","","","",""
"4","$0.066","$0.004","$0.015","$0.012","","","","","","","","$3.414","$0.031","10","$0.013","19.74","43,132","$0.005","16,333","1,633","$0.522","1.07","$0.026","1.02","2,230","$0.027","1,198","1,120","$24.931","1.19","$0.027","0.49","1,061","$0.066","415","348","$55.098","","","","","","","","","","","","","","","","","","","","","","","","","","","","","","","","","","","","","","","","","","","","","","","","","","","","","","","",""
"5","$0.089","$0.004","$0.014","$0.009","","","","","","","","$3.009","$0.027","9.89","$0.016","26.7","58,343","$0.005","15,211","1,538","$0.506","1.1","$0.038","1.57","3,432","$0.024","1,202","1,093","$22.135","1.2","$0.034","0.65","1,417","$0.055","356","296","$45.348","","","","","","","","","","","","","","","","","","","","","","","","","","","","","","","","","","","","","","","","","","","","","","","","","","","","","","","",""
"6","$0.132","$0.004","$0.036","$0.012","","","","","","","","$5.472","$0.052","10.3","$0.02","33.55","73,317","$0.005","14,974","1,454","$0.494","1.08","$0.068","2.32","5,061","$0.043","1,629","1,503","$39.83","1.21","$0.044","0.83","1,814","$0.063","397","329","$52.285","","","","","","","","","","","","","","","","","","","","","","","","","","","","","","","","","","","","","","","","","","","","","","","","","","","","","","","",""
"7","$0.173","$0.004","$0.034","$0.015","","","","","","","","$5.192","$0.053","11.26","$0.023","40.62","88,757","$0.005","15,440","1,371","$0.484","1.11","$0.095","3.05","6,655","$0.041","1,594","1,436","$36.894","1.32","$0.055","1.08","2,363","$0.06","549","415","$45.568","","","","","","","","","","","","","","","","","","","","","","","","","","","","","","","","","","","","","","","","","","","","","","","","","","","","","","","",""
"8","$0.215","$0.005","$0.03","$0.02","","","","","","","","$4.416","$0.055","13.89","$0.027","49.08","107,229","$0.007","18,472","1,330","$0.476","1.15","$0.118","3.77","8,232","$0.036","1,577","1,375","$31.644","1.41","$0.07","1.39","3,038","$0.068","675","480","$48.607","","","","","","","","","","","","","","","","","","","","","","","","","","","","","","","","","","","","","","","","","","","","","","","","","","","","","","","",""
"9","$0.243","$0.004","$0.026","$0.008","","","","","","","","$3.555","$0.038","12.03","$0.03","55.98","122,321","$0.005","15,092","1,255","$0.42","1.11","$0.137","4.41","9,637","$0.032","1,405","1,271","$29.001","1.22","$0.076","1.55","3,395","$0.044","357","292","$35.946","","","","","","","","","","","","","","","","","","","","","","","","","","","","","","","","","","","","","","","","","","","","","","","","","","","","","","","",""
"10","$0.29","$0.01","$0.028","$0.031","","","","","","","","$2.705","$0.069","29.07","$0.037","72.2","157,760","$0.012","35,439","1,219","$0.405","1.3","$0.156","5.17","11,287","$0.033","1,650","1,267","$25.407","1.82","$0.098","2.12","4,634","$0.07","1,239","681","$38.279","","","","","","","","","","","","","","","","","","","","","","","","","","","","","","","","","","","","","","","","","","","","","","","","","","","","","","","",""
"11","$0.32","$0.006","$0.024","$0.016","","","","","","","","$2.74","$0.046","19.19","$0.041","82.15","179,500","$0.008","21,740","1,133","$0.407","1.19","$0.171","5.79","12,650","$0.03","1,363","1,146","$24.887","1.47","$0.108","2.43","5,318","$0.048","684","464","$32.759","","","","","","","","","","","","","","","","","","","","","","","","","","","","","","","","","","","","","","","","","","","","","","","","","","","","","","","",""
"12","$0.349","$0.006","$0.024","$0.016","","","","","","","","$2.686","$0.046","19.67","$0.045","91.91","200,818","$0.008","21,318","1,084","$0.391","1.17","$0.186","6.38","13,948","$0.03","1,298","1,108","$25.221","1.45","$0.118","2.71","5,932","$0.051","614","422","$34.726","","","","","","","","","","","","","","","","","","","","","","","","","","","","","","","","","","","","","","","","","","","","","","","","","","","","","","","",""
"13","$0.372","$0.005","$0.022","$0.013","","","","","","","","$2.946","$0.039","15.04","$0.047","99.09","216,503","$0.006","15,685","1,043","$0.378","1.17","$0.199","6.96","15,211","$0.027","1,263","1,080","$22.872","1.32","$0.125","2.94","6,422","$0.044","490","372","$33.77","","","","","","","","","","","","","","","","","","","","","","","","","","","","","","","","","","","","","","","","","","","","","","","","","","","","","","","",""
"14","$0.397","$0.006","$0.021","$0.015","","","","","","","","$2.428","$0.042","20.16","$0.051","108.42","236,889","$0.008","20,386","1,011","$0.387","1.21","$0.212","7.54","16,472","$0.026","1,261","1,043","$21.593","1.39","$0.134","3.17","6,930","$0.051","508","366","$36.763","","","","","","","","","","","","","","","","","","","","","","","","","","","","","","","","","","","","","","","","","","","","","","","","","","","","","","","",""
"15","$0.419","$0.006","$0.019","$0.015","","","","","","","","$2.416","$0.04","19.07","$0.054","116.99","255,631","$0.007","18,742","983","$0.367","1.14","$0.223","8.07","17,631","$0.024","1,159","1,013","$20.612","1.37","$0.142","3.37","7,374","$0.057","444","325","$41.426","","","","","","","","","","","","","","","","","","","","","","","","","","","","","","","","","","","","","","","","","","","","","","","","","","","","","","","",""
"16","$0.441","$0.006","$0.019","$0.015","","","","","","","","$2.243","$0.039","20.39","$0.057","125.83","274,943","$0.007","19,312","947","$0.354","1.19","$0.233","8.6","18,782","$0.023","1,151","968","$19.653","1.52","$0.15","3.61","7,885","$0.052","511","337","$34.423","","","","","","","","","","","","","","","","","","","","","","","","","","","","","","","","","","","","","","","","","","","","","","","","","","","","","","","",""
"17","$0.46","$0.005","$0.019","$0.013","","","","","","","","$2.162","$0.037","19.82","$0.06","134.16","293,134","$0.007","18,191","918","$0.344","1.2","$0.243","9.11","19,914","$0.023","1,132","940","$19.117","1.53","$0.157","3.86","8,436","$0.042","551","360","$27.338","","","","","","","","","","","","","","","","","","","","","","","","","","","","","","","","","","","","","","","","","","","","","","","","","","","","","","","",""
"18","$0.484","$0.005","$0.019","$0.022","","","","","","","","$2.665","$0.046","19.67","$0.063","142.14","310,585","$0.007","17,451","887","$0.337","1.23","$0.253","9.64","21,053","$0.023","1,139","925","$18.837","1.71","$0.168","4.23","9,246","$0.052","810","473","$30.077","","","","","","","","","","","","","","","","","","","","","","","","","","","","","","","","","","","","","","","","","","","","","","","","","","","","","","","",""
"19","$0.503","$0.006","$0.016","$0.017","","","","","","","","$2.038","$0.039","22.12","$0.066","150.85","329,605","$0.007","19,020","860","$0.336","1.18","$0.261","10.11","22,092","$0.02","1,039","881","$16.896","1.59","$0.177","4.51","9,851","$0.048","605","381","$30.032","","","","","","","","","","","","","","","","","","","","","","","","","","","","","","","","","","","","","","","","","","","","","","","","","","","","","","","",""
"20","$0.546","$0.01","$0.022","$0.055","","","","","","","","$2.778","$0.087","35.08","$0.071","164.66","359,775","$0.013","30,170","860","$0.365","1.49","$0.272","10.72","23,426","$0.026","1,334","896","$17.23","2.54","$0.203","5.32","11,624","$0.084","1,773","698","$32.959","","","","","","","","","","","","","","","","","","","","","","","","","","","","","","","","","","","","","","","","","","","","","","","","","","","","","","","",""
"21","$0.568","$0.008","$0.019","$0.022","","","","","","","","$2.1","$0.049","27.13","$0.074","174.37","380,994","$0.01","21,219","782","$0.358","1.25","$0.28","11.19","24,457","$0.023","1,031","824","$18.104","1.61","$0.213","5.65","12,346","$0.049","722","448","$30.469","","","","","","","","","","","","","","","","","","","","","","","","","","","","","","","","","","","","","","","","","","","","","","","","","","","","","","","",""
"22","$0.586","$0.007","$0.018","$0.016","","","","","","","","$1.776","$0.041","27.51","$0.077","183.79","401,575","$0.009","20,581","748","$0.343","1.28","$0.288","11.64","25,436","$0.022","979","767","$17.377","1.6","$0.22","5.9","12,881","$0.045","535","335","$28.376","","","","","","","","","","","","","","","","","","","","","","","","","","","","","","","","","","","","","","","","","","","","","","","","","","","","","","","",""
"23","$0.601","$0.006","$0.017","$0.014","","","","","","","","$1.969","$0.037","22.07","$0.08","191.11","417,573","$0.007","15,998","725","$0.334","1.25","$0.295","12.07","26,376","$0.021","940","754","$16.717","1.58","$0.226","6.12","13,366","$0.043","485","307","$27.322","","","","","","","","","","","","","","","","","","","","","","","","","","","","","","","","","","","","","","","","","","","","","","","","","","","","","","","",""
"24","$0.617","$0.007","$0.016","$0.017","","","","","","","","$1.723","$0.039","26.93","$0.083","199.72","436,397","$0.008","18,824","699","$0.315","1.23","$0.302","12.48","27,268","$0.02","892","725","$16.029","1.71","$0.233","6.37","13,917","$0.046","551","323","$26.675","","","","","","","","","","","","","","","","","","","","","","","","","","","","","","","","","","","","","","","","","","","","","","","","","","","","","","","",""
"25","$0.652","$0.013","$0.027","$0.047","","","","","","","","$2.044","$0.087","47.8","$0.087","215.21","470,242","$0.015","33,845","708","$0.321","1.67","$0.312","13.04","28,489","$0.032","1,221","729","$18.855","2.47","$0.252","7.06","15,424","$0.067","1,507","609","$27.12","","","","","","","","","","","","","","","","","","","","","","","","","","","","","","","","","","","","","","","","","","","","","","","","","","","","","","","",""
"26","$0.668","$0.007","$0.016","$0.02","","","","","","","","$1.815","$0.043","27.63","$0.09","223.36","488,033","$0.009","17,791","644","$0.317","1.27","$0.318","13.43","29,348","$0.02","859","678","$15.623","1.61","$0.259","7.34","16,038","$0.042","614","381","$25.883","","","","","","","","","","","","","","","","","","","","","","","","","","","","","","","","","","","","","","","","","","","","","","","","","","","","","","","",""
"27","$0.682","$0.007","$0.015","$0.018","","","","","","","","$1.686","$0.04","27.3","$0.092","231.2","505,178","$0.008","17,145","628","$0.303","1.25","$0.324","13.79","30,140","$0.019","792","632","$15.346","1.62","$0.266","7.6","16,605","$0.04","567","349","$24.408","","","","","","","","","","","","","","","","","","","","","","","","","","","","","","","","","","","","","","","","","","","","","","","","","","","","","","","",""
"28","$0.697","$0.008","$0.016","$0.02","","","","","","","","$1.647","$0.044","30.83","$0.095","239.73","523,800","$0.009","18,622","604","$0.307","1.33","$0.329","14.17","30,969","$0.019","829","622","$14.609","1.82","$0.273","7.91","17,288","$0.041","683","375","$22.447","","","","","","","","","","","","","","","","","","","","","","","","","","","","","","","","","","","","","","","","","","","","","","","","","","","","","","","",""
"29","$0.71","$0.006","$0.016","$0.018","","","","","","","","$1.805","$0.04","25.61","$0.097","246.54","538,680","$0.008","14,880","581","$0.307","1.28","$0.335","14.52","31,725","$0.019","756","591","$14.94","1.71","$0.279","8.14","17,794","$0.045","506","296","$26.231","","","","","","","","","","","","","","","","","","","","","","","","","","","","","","","","","","","","","","","","","","","","","","","","","","","","","","","",""
"30","$0.725","$0.01","$0.017","$0.019","","","","","","","","$1.562","$0.046","33.66","$0.1","255.45","558,169","$0.012","19,489","579","$0.357","1.36","$0.34","14.89","32,529","$0.02","804","593","$14.712","1.86","$0.285","8.42","18,407","$0.042","613","329","$22.627","","","","","","","","","","","","","","","","","","","","","","","","","","","","","","","","","","","","","","","","","","","","","","","","","","","","","","","",""
"31","$0.746","$0.008","$0.026","$0.032","","","","","","","","$2.258","$0.066","33.05","$0.103","264.05","576,943","$0.01","18,774","568","$0.311","1.52","$0.348","15.29","33,412","$0.032","883","581","$20.837","1.89","$0.295","8.81","19,251","$0.049","844","447","$26.134","","","","","","","","","","","","","","","","","","","","","","","","","","","","","","","","","","","","","","","","","","","","","","","","","","","","","","","",""
"32","$0.758","$0.006","$0.017","$0.014","","","","","","","","$1.754","$0.037","24.46","$0.105","269.96","589,856","$0.007","12,913","528","$0.297","1.3","$0.354","15.62","34,128","$0.021","716","551","$15.823","1.77","$0.299","9.02","19,698","$0.038","447","253","$21.313","","","","","","","","","","","","","","","","","","","","","","","","","","","","","","","","","","","","","","","","","","","","","","","","","","","","","","","",""
"33","$0.775","$0.008","$0.018","$0.031","","","","","","","","$2.141","$0.057","30.21","$0.107","277.1","605,472","$0.01","15,616","517","$0.319","1.35","$0.359","15.95","34,852","$0.021","724","535","$15.807","2.01","$0.309","9.38","20,486","$0.052","788","392","$25.695","","","","","","","","","","","","","","","","","","","","","","","","","","","","","","","","","","","","","","","","","","","","","","","","","","","","","","","",""
"34","$0.784","$0.006","$0.014","$0.013","","","","","","","","$1.391","$0.033","28.03","$0.109","283.45","619,345","$0.008","13,873","495","$0.285","1.32","$0.363","16.25","35,515","$0.018","663","504","$13.451","1.57","$0.312","9.56","20,886","$0.031","400","255","$19.795","","","","","","","","","","","","","","","","","","","","","","","","","","","","","","","","","","","","","","","","","","","","","","","","","","","","","","","",""
"35","$0.8","$0.009","$0.017","$0.031","","","","","","","","$1.582","$0.056","42.13","$0.111","292.73","639,610","$0.012","20,265","481","$0.274","1.37","$0.368","16.58","36,232","$0.02","717","522","$14.242","2.17","$0.321","9.93","21,690","$0.051","804","370","$23.269","","","","","","","","","","","","","","","","","","","","","","","","","","","","","","","","","","","","","","","","","","","","","","","","","","","","","","","",""
"36","$0.809","$0.006","$0.014","$0.015","","","","","","","","$1.507","$0.035","27.6","$0.113","298.59","652,415","$0.008","12,805","464","$0.279","1.27","$0.371","16.86","36,844","$0.017","612","481","$13.56","1.49","$0.325","10.11","22,080","$0.034","390","261","$22.91","","","","","","","","","","","","","","","","","","","","","","","","","","","","","","","","","","","","","","","","","","","","","","","","","","","","","","","",""
"37","$0.825","$0.01","$0.019","$0.03","","","","","","","","$1.54","$0.058","44.29","$0.116","307.97","672,922","$0.012","20,507","463","$0.271","1.63","$0.376","17.22","37,626","$0.023","782","480","$13.996","2","$0.333","10.48","22,892","$0.043","812","405","$21.582","","","","","","","","","","","","","","","","","","","","","","","","","","","","","","","","","","","","","","","","","","","","","","","","","","","","","","","",""
"38","$0.832","$0.005","$0.013","$0.011","","","","","","","","$1.377","$0.029","24.96","$0.117","313.07","684,055","$0.007","11,133","446","$0.269","1.27","$0.38","17.48","38,202","$0.016","576","453","$12.496","1.44","$0.336","10.61","23,178","$0.032","286","199","$22.133","","","","","","","","","","","","","","","","","","","","","","","","","","","","","","","","","","","","","","","","","","","","","","","","","","","","","","","",""
"39","$0.846","$0.008","$0.016","$0.03","","","","","","","","$1.793","$0.054","34.69","$0.119","320.15","699,528","$0.01","15,473","446","$0.276","1.46","$0.384","17.78","38,857","$0.02","655","449","$13.853","1.89","$0.344","10.93","23,889","$0.045","711","377","$23.691","","","","","","","","","","","","","","","","","","","","","","","","","","","","","","","","","","","","","","","","","","","","","","","","","","","","","","","",""
"40","$0.856","$0.007","$0.014","$0.016","","","","","","","","$1.344","$0.037","33.47","$0.121","326.71","713,855","$0.009","14,327","428","$0.263","1.32","$0.387","18.05","39,436","$0.018","579","438","$13.693","1.72","$0.348","11.14","24,344","$0.034","455","264","$19.652","","","","","","","","","","","","","","","","","","","","","","","","","","","","","","","","","","","","","","","","","","","","","","","","","","","","","","","",""
"41","$0.871","$0.011","$0.019","$0.031","","","","","","","","$1.438","$0.06","49.97","$0.123","336.4","735,042","$0.013","21,187","424","$0.27","1.64","$0.392","18.39","40,175","$0.023","739","451","$14.093","2.48","$0.355","11.54","25,213","$0.048","869","350","$19.166","","","","","","","","","","","","","","","","","","","","","","","","","","","","","","","","","","","","","","","","","","","","","","","","","","","","","","","",""
"42","$0.881","$0.006","$0.015","$0.021","","","","","","","","$1.585","$0.043","32.03","$0.125","342.34","748,015","$0.008","12,973","405","$0.261","1.38","$0.396","18.66","40,772","$0.019","597","432","$13.394","2.06","$0.36","11.81","25,801","$0.039","588","286","$18.813","","","","","","","","","","","","","","","","","","","","","","","","","","","","","","","","","","","","","","","","","","","","","","","","","","","","","","","",""
"43","$0.894","$0.01","$0.019","$0.027","","","","","","","","$1.37","$0.056","47.67","$0.127","351.16","767,274","$0.012","19,259","404","$0.261","1.53","$0.4","18.96","41,418","$0.023","646","421","$14.781","2.17","$0.367","12.12","26,480","$0.044","679","313","$20.07","","","","","","","","","","","","","","","","","","","","","","","","","","","","","","","","","","","","","","","","","","","","","","","","","","","","","","","",""
"44","$0.91","$0.009","$0.02","$0.042","","","","","","","","$1.934","$0.071","42.64","$0.129","358.77","783,905","$0.011","16,631","390","$0.257","1.69","$0.405","19.28","42,132","$0.024","714","422","$14.143","2.38","$0.376","12.55","27,429","$0.053","949","399","$22.14","","","","","","","","","","","","","","","","","","","","","","","","","","","","","","","","","","","","","","","","","","","","","","","","","","","","","","","",""
"45","$0.92","$0.007","$0.016","$0.021","","","","","","","","$1.412","$0.045","37.03","$0.131","365.1","797,754","$0.009","13,849","374","$0.252","1.39","$0.408","19.54","42,686","$0.02","554","399","$14.121","1.93","$0.381","12.82","28,015","$0.033","586","303","$16.809","","","","","","","","","","","","","","","","","","","","","","","","","","","","","","","","","","","","","","","","","","","","","","","","","","","","","","","",""
"46","$0.927","$0.005","$0.014","$0.013","","","","","","","","$1.37","$0.032","27.74","$0.132","369.71","807,825","$0.007","10,071","363","$0.236","1.29","$0.411","19.76","43,184","$0.017","498","385","$12.931","1.59","$0.384","12.98","28,361","$0.028","346","217","$17.737","","","","","","","","","","","","","","","","","","","","","","","","","","","","","","","","","","","","","","","","","","","","","","","","","","","","","","","",""
"47","$0.948","$0.013","$0.023","$0.066","","","","","","","","$1.962","$0.102","59.07","$0.134","379.72","829,681","$0.016","21,856","370","$0.273","2.14","$0.416","20.14","44,002","$0.028","818","383","$13.011","3.39","$0.398","13.61","29,737","$0.075","1,376","406","$22.224","","","","","","","","","","","","","","","","","","","","","","","","","","","","","","","","","","","","","","","","","","","","","","","","","","","","","","","",""
"48","$0.958","$0.009","$0.017","$0.021","","","","","","","","$1.219","$0.048","46.6","$0.136","387.12","845,852","$0.012","16,171","347","$0.255","1.52","$0.42","20.39","44,560","$0.021","558","367","$13.59","1.83","$0.402","13.83","30,224","$0.035","487","266","$19.059","","","","","","","","","","","","","","","","","","","","","","","","","","","","","","","","","","","","","","","","","","","","","","","","","","","","","","","",""
"49","$0.967","$0.009","$0.017","$0.021","","","","","","","","$1.291","$0.048","43.59","$0.138","393.82","860,498","$0.011","14,646","336","$0.261","1.52","$0.423","20.64","45,103","$0.021","543","357","$13.694","1.92","$0.406","14.06","30,726","$0.034","502","262","$17.915","","","","","","","","","","","","","","","","","","","","","","","","","","","","","","","","","","","","","","","","","","","","","","","","","","","","","","","",""
"50","$0.978","$0.011","$0.016","$0.028","","","","","","","","$1.224","$0.055","53.63","$0.14","401.9","878,142","$0.014","17,644","329","$0.269","1.56","$0.426","20.89","45,638","$0.019","535","344","$12.358","2.42","$0.411","14.4","31,473","$0.038","747","309","$15.802","","","","","","","","","","","","","","","","","","","","","","","","","","","","","","","","","","","","","","","","","","","","","","","","","","","","","","","",""
"51","$0.986","$0.008","$0.014","$0.022","","","","","","","","$1.437","$0.045","36.91","$0.142","407.32","889,989","$0.01","11,847","321","$0.282","1.41","$0.429","21.1","46,109","$0.018","471","333","$12.463","1.93","$0.416","14.65","32,016","$0.033","543","282","$17.083","","","","","","","","","","","","","","","","","","","","","","","","","","","","","","","","","","","","","","","","","","","","","","","","","","","","","","","",""
"52","$0.994","$0.007","$0.015","$0.024","","","","","","","","$1.649","$0.045","32","$0.143","411.96","900,132","$0.009","10,143","317","$0.276","1.38","$0.432","21.31","46,564","$0.018","455","329","$12.861","1.8","$0.42","14.86","32,460","$0.039","444","246","$21.511","","","","","","","","","","","","","","","","","","","","","","","","","","","","","","","","","","","","","","","","","","","","","","","","","","","","","","","",""
"53","$1.007","$0.012","$0.018","$0.041","","","","","","","","$1.356","$0.072","62.45","$0.145","420.76","919,367","$0.015","19,235","308","$0.247","1.78","$0.435","21.57","47,141","$0.022","577","325","$12.383","2.54","$0.427","15.22","33,254","$0.051","794","313","$20.203","","","","","","","","","","","","","","","","","","","","","","","","","","","","","","","","","","","","","","","","","","","","","","","","","","","","","","","",""
"54","$1.015","$0.006","$0.015","$0.024","","","","","","","","$1.631","$0.045","33.1","$0.146","425.08","928,801","$0.008","9,434","285","$0.247","1.41","$0.437","21.77","47,570","$0.019","429","305","$13.294","1.92","$0.431","15.43","33,718","$0.036","464","242","$18.981","","","","","","","","","","","","","","","","","","","","","","","","","","","","","","","","","","","","","","","","","","","","","","","","","","","","","","","",""
"55","$1.021","$0.009","$0.015","$0.012","","","","","","","","$1.105","$0.036","39.79","$0.148","430.14","939,862","$0.011","11,061","278","$0.285","1.35","$0.44","21.95","47,956","$0.019","386","285","$14.189","1.63","$0.433","15.54","33,962","$0.029","244","150","$17.593","","","","","","","","","","","","","","","","","","","","","","","","","","","","","","","","","","","","","","","","","","","","","","","","","","","","","","","",""
"56","$1.033","$0.01","$0.019","$0.046","","","","","","","","$1.97","$0.074","45.27","$0.149","435.76","952,131","$0.013","12,269","271","$0.281","1.57","$0.443","22.16","48,417","$0.023","461","294","$14.792","2.47","$0.441","15.88","34,687","$0.055","725","293","$22.396","","","","","","","","","","","","","","","","","","","","","","","","","","","","","","","","","","","","","","","","","","","","","","","","","","","","","","","",""
"57","$1.041","$0.008","$0.015","$0.028","","","","","","","","$1.542","$0.051","39.13","$0.151","440.57","962,656","$0.01","10,525","269","$0.264","1.53","$0.445","22.35","48,838","$0.019","421","275","$12.614","1.87","$0.445","16.09","35,165","$0.037","478","256","$19.947","","","","","","","","","","","","","","","","","","","","","","","","","","","","","","","","","","","","","","","","","","","","","","","","","","","","","","","",""
"58","$1.05","$0.007","$0.015","$0.033","","","","","","","","$1.734","$0.055","38.52","$0.152","445.09","972,517","$0.01","9,861","256","$0.249","1.46","$0.448","22.53","49,228","$0.019","390","268","$12.925","2.3","$0.45","16.29","35,586","$0.06","421","183","$26.14","","","","","","","","","","","","","","","","","","","","","","","","","","","","","","","","","","","","","","","","","","","","","","","","","","","","","","","",""
"59","$1.057","$0.008","$0.016","$0.027","","","","","","","","$1.458","$0.052","41.82","$0.153","449.99","983,223","$0.01","10,706","256","$0.247","1.53","$0.45","22.72","49,634","$0.02","406","266","$13.185","2.22","$0.454","16.53","36,111","$0.038","525","236","$17.078","","","","","","","","","","","","","","","","","","","","","","","","","","","","","","","","","","","","","","","","","","","","","","","","","","","","","","","",""
"60","$1.069","$0.016","$0.018","$0.042","","","","","","","","$1.183","$0.076","79.09","$0.155","459","1,002,917","$0.021","19,694","249","$0.261","1.97","$0.453","22.96","50,174","$0.022","540","274","$10.939","2.77","$0.46","16.85","36,812","$0.054","701","253","$19.56","","","","","","","","","","","","","","","","","","","","","","","","","","","","","","","","","","","","","","","","","","","","","","","","","","","","","","","",""
"61","$1.079","$0.009","$0.016","$0.046","","","","","","","","$1.979","$0.071","42.55","$0.157","463.71","1,013,215","$0.012","10,298","242","$0.285","1.66","$0.455","23.16","50,603","$0.019","429","259","$11.719","2.26","$0.467","17.13","37,433","$0.053","621","275","$23.339","","","","","","","","","","","","","","","","","","","","","","","","","","","","","","","","","","","","","","","","","","","","","","","","","","","","","","","",""
"62","$1.086","$0.009","$0.017","$0.023","","","","","","","","$1.513","$0.049","38.77","$0.158","467.95","1,022,481","$0.012","9,266","239","$0.307","1.54","$0.458","23.33","50,975","$0.021","372","242","$13.811","1.99","$0.47","17.31","37,819","$0.037","386","194","$18.596","","","","","","","","","","","","","","","","","","","","","","","","","","","","","","","","","","","","","","","","","","","","","","","","","","","","","","","",""
"63","$1.094","$0.008","$0.015","$0.038","","","","","","","","$1.948","$0.06","36.92","$0.159","471.86","1,031,009","$0.01","8,528","231","$0.267","1.43","$0.46","23.49","51,323","$0.019","348","243","$13.08","2.29","$0.476","17.53","38,302","$0.054","483","211","$23.6","","","","","","","","","","","","","","","","","","","","","","","","","","","","","","","","","","","","","","","","","","","","","","","","","","","","","","","",""
"64","$1.106","$0.012","$0.021","$0.054","","","","","","","","$1.7","$0.088","61.64","$0.161","478.18","1,044,817","$0.016","13,808","224","$0.256","2.16","$0.463","23.73","51,840","$0.026","517","239","$12.072","3.23","$0.483","17.87","39,051","$0.068","749","232","$21.163","","","","","","","","","","","","","","","","","","","","","","","","","","","","","","","","","","","","","","","","","","","","","","","","","","","","","","","",""
"65","$1.112","$0.008","$0.015","$0.026","","","","","","","","$1.346","$0.049","43.79","$0.162","482.53","1,054,320","$0.011","9,503","217","$0.248","1.67","$0.464","23.89","52,201","$0.02","361","216","$11.699","2.08","$0.486","18.07","39,474","$0.036","423","203","$17.199","","","","","","","","","","","","","","","","","","","","","","","","","","","","","","","","","","","","","","","","","","","","","","","","","","","","","","","",""
"66","$1.117","$0.006","$0.015","$0.018","","","","","","","","$1.48","$0.039","31.55","$0.162","485.57","1,060,978","$0.008","6,658","211","$0.251","1.47","$0.466","24.03","52,509","$0.02","308","209","$13.552","1.7","$0.488","18.2","39,766","$0.028","292","172","$16.773","","","","","","","","","","","","","","","","","","","","","","","","","","","","","","","","","","","","","","","","","","","","","","","","","","","","","","","",""
"67","$1.121","$0.005","$0.013","$0.012","","","","","","","","$1.293","$0.03","28.69","$0.163","488.21","1,066,745","$0.007","5,767","201","$0.249","1.38","$0.468","24.16","52,791","$0.017","282","205","$12.103","1.58","$0.49","18.29","39,967","$0.025","201","127","$16.087","","","","","","","","","","","","","","","","","","","","","","","","","","","","","","","","","","","","","","","","","","","","","","","","","","","","","","","",""
"68","$1.125","$0.006","$0.012","$0.017","","","","","","","","$1.172","$0.034","36.06","$0.164","491.53","1,073,993","$0.007","7,248","201","$0.205","1.3","$0.469","24.29","53,063","$0.015","272","210","$11.64","1.74","$0.492","18.4","40,213","$0.032","246","141","$18.083","","","","","","","","","","","","","","","","","","","","","","","","","","","","","","","","","","","","","","","","","","","","","","","","","","","","","","","",""
"69","$1.13","$0.006","$0.011","$0.021","","","","","","","","$1.333","$0.038","34.92","$0.164","494.66","1,080,838","$0.008","6,845","196","$0.218","1.39","$0.471","24.41","53,342","$0.014","279","201","$10.08","1.79","$0.494","18.53","40,494","$0.035","281","157","$19.809","","","","","","","","","","","","","","","","","","","","","","","","","","","","","","","","","","","","","","","","","","","","","","","","","","","","","","","",""
"70","$1.136","$0.007","$0.015","$0.031","","","","","","","","$1.529","$0.053","41.22","$0.165","498.51","1,089,246","$0.009","8,408","204","$0.229","1.48","$0.472","24.55","53,646","$0.019","304","205","$13.086","2.11","$0.498","18.7","40,866","$0.045","372","176","$21.464","","","","","","","","","","","","","","","","","","","","","","","","","","","","","","","","","","","","","","","","","","","","","","","","","","","","","","","",""
"71","$1.141","$0.006","$0.014","$0.024","","","","","","","","$1.711","$0.044","30.6","$0.166","501.26","1,095,244","$0.007","5,998","196","$0.243","1.35","$0.474","24.68","53,916","$0.018","270","200","$13.699","1.87","$0.501","18.84","41,163","$0.038","297","159","$20.456","","","","","","","","","","","","","","","","","","","","","","","","","","","","","","","","","","","","","","","","","","","","","","","","","","","","","","","",""
"72","$1.149","$0.007","$0.019","$0.038","","","","","","","","$1.862","$0.064","42.22","$0.167","504.87","1,103,139","$0.01","7,895","187","$0.227","1.8","$0.476","24.84","54,271","$0.024","355","197","$13.526","2.23","$0.505","19.06","41,643","$0.045","480","215","$20.12","","","","","","","","","","","","","","","","","","","","","","","","","","","","","","","","","","","","","","","","","","","","","","","","","","","","","","","",""
"73","$1.154","$0.007","$0.012","$0.034","","","","","","","","$1.571","$0.053","40.81","$0.168","508.32","1,110,688","$0.009","7,549","185","$0.215","1.55","$0.478","24.98","54,582","$0.015","311","201","$9.545","2.21","$0.509","19.26","42,078","$0.043","435","197","$19.393","","","","","","","","","","","","","","","","","","","","","","","","","","","","","","","","","","","","","","","","","","","","","","","","","","","","","","","",""
"74","$1.16","$0.006","$0.017","$0.025","","","","","","","","$1.747","$0.047","32.56","$0.168","511.04","1,116,614","$0.007","5,926","182","$0.224","1.42","$0.48","25.11","54,858","$0.02","276","194","$14.297","1.77","$0.512","19.37","42,322","$0.043","244","138","$24.542","","","","","","","","","","","","","","","","","","","","","","","","","","","","","","","","","","","","","","","","","","","","","","","","","","","","","","","",""
"75","$1.168","$0.011","$0.021","$0.041","","","","","","","","$1.592","$0.073","54.92","$0.169","515.64","1,126,664","$0.014","10,050","183","$0.259","1.93","$0.482","25.28","55,228","$0.026","370","192","$13.69","2.85","$0.516","19.64","42,911","$0.048","589","207","$16.736","","","","","","","","","","","","","","","","","","","","","","","","","","","","","","","","","","","","","","","","","","","","","","","","","","","","","","","",""
"76","$1.171","$0.006","$0.012","$0.016","","","","","","","","$1.329","$0.034","30.61","$0.17","518.14","1,132,144","$0.008","5,480","179","$0.255","1.37","$0.483","25.39","55,474","$0.015","246","179","$11.198","1.8","$0.518","19.74","43,134","$0.03","223","124","$16.838","","","","","","","","","","","","","","","","","","","","","","","","","","","","","","","","","","","","","","","","","","","","","","","","","","","","","","","",""
"77","$1.175","$0.006","$0.014","$0.017","","","","","","","","$1.323","$0.038","33.49","$0.171","520.92","1,138,205","$0.008","6,061","181","$0.239","1.46","$0.485","25.51","55,742","$0.018","268","183","$12.066","1.73","$0.52","19.85","43,379","$0.028","245","142","$16.387","","","","","","","","","","","","","","","","","","","","","","","","","","","","","","","","","","","","","","","","","","","","","","","","","","","","","","","",""
"78","$1.181","$0.008","$0.015","$0.03","","","","","","","","$1.445","$0.053","43.48","$0.172","524.42","1,145,857","$0.011","7,652","176","$0.242","1.55","$0.486","25.64","56,030","$0.018","288","186","$11.937","2.17","$0.523","20.02","43,737","$0.041","358","165","$18.714","","","","","","","","","","","","","","","","","","","","","","","","","","","","","","","","","","","","","","","","","","","","","","","","","","","","","","","",""
"79","$1.189","$0.011","$0.018","$0.049","","","","","","","","$1.492","$0.078","59.71","$0.173","529.34","1,156,605","$0.014","10,748","180","$0.236","1.95","$0.488","25.81","56,389","$0.022","359","184","$11.129","3.07","$0.528","20.29","44,342","$0.056","605","197","$18.087","","","","","","","","","","","","","","","","","","","","","","","","","","","","","","","","","","","","","","","","","","","","","","","","","","","","","","","",""
"80","$1.193","$0.008","$0.015","$0.026","","","","","","","","$1.304","$0.048","42.75","$0.173","532.66","1,163,873","$0.01","7,268","170","$0.228","1.54","$0.489","25.93","56,659","$0.018","270","175","$11.482","2.04","$0.531","20.46","44,715","$0.03","373","183","$14.897","","","","","","","","","","","","","","","","","","","","","","","","","","","","","","","","","","","","","","","","","","","","","","","","","","","","","","","",""
"81","$1.198","$0.008","$0.013","$0.027","","","","","","","","$1.285","$0.048","42.61","$0.174","535.94","1,171,032","$0.01","7,159","168","$0.225","1.48","$0.491","26.05","56,913","$0.016","254","172","$10.824","2.28","$0.533","20.65","45,110","$0.033","395","173","$14.371","","","","","","","","","","","","","","","","","","","","","","","","","","","","","","","","","","","","","","","","","","","","","","","","","","","","","","","",""
"82","$1.201","$0.007","$0.011","$0.017","","","","","","","","$1.083","$0.034","36.93","$0.175","538.7","1,177,052","$0.008","6,020","163","$0.228","1.38","$0.492","26.15","57,147","$0.013","234","170","$9.468","1.89","$0.535","20.76","45,356","$0.027","246","130","$14.034","","","","","","","","","","","","","","","","","","","","","","","","","","","","","","","","","","","","","","","","","","","","","","","","","","","","","","","",""
"83","$1.204","$0.005","$0.012","$0.016","","","","","","","","$1.218","$0.033","32.36","$0.175","541.04","1,182,165","$0.007","5,113","158","$0.207","1.32","$0.493","26.26","57,371","$0.015","224","170","$11.014","1.71","$0.536","20.86","45,587","$0.024","231","135","$14.093","","","","","","","","","","","","","","","","","","","","","","","","","","","","","","","","","","","","","","","","","","","","","","","","","","","","","","","",""
"84","$1.206","$0.005","$0.01","$0.006","","","","","","","","$1.008","$0.022","25.62","$0.176","542.87","1,186,161","$0.006","3,996","156","$0.235","1.28","$0.494","26.35","57,579","$0.013","208","163","$10.144","1.31","$0.537","20.91","45,679","$0.018","92","70","$13.916","","","","","","","","","","","","","","","","","","","","","","","","","","","","","","","","","","","","","","","","","","","","","","","","","","","","","","","",""
"85","$1.209","$0.005","$0.011","$0.012","","","","","","","","$1.123","$0.028","29.25","$0.176","544.99","1,190,811","$0.007","4,650","159","$0.224","1.29","$0.495","26.45","57,783","$0.014","204","158","$11.094","1.67","$0.538","20.98","45,836","$0.025","157","94","$14.8","","","","","","","","","","","","","","","","","","","","","","","","","","","","","","","","","","","","","","","","","","","","","","","","","","","","","","","",""
"86","$1.211","$0.004","$0.011","$0.009","","","","","","","","$1.157","$0.025","25.76","$0.177","546.82","1,194,804","$0.006","3,993","155","$0.222","1.33","$0.496","26.55","58,005","$0.014","222","167","$10.406","1.52","$0.539","21.03","45,959","$0.023","123","81","$14.846","","","","","","","","","","","","","","","","","","","","","","","","","","","","","","","","","","","","","","","","","","","","","","","","","","","","","","","",""
"87","$1.216","$0.008","$0.013","$0.03","","","","","","","","$1.365","$0.051","42.79","$0.177","549.94","1,201,608","$0.01","6,804","159","$0.226","1.51","$0.497","26.67","58,266","$0.015","261","173","$9.649","2.29","$0.542","21.21","46,337","$0.037","378","165","$16.154","","","","","","","","","","","","","","","","","","","","","","","","","","","","","","","","","","","","","","","","","","","","","","","","","","","","","","","",""
"88","$1.219","$0.008","$0.014","$0.017","","","","","","","","$1.165","$0.039","40","$0.178","552.75","1,207,768","$0.01","6,160","154","$0.251","1.47","$0.498","26.78","58,508","$0.017","242","165","$11.297","1.76","$0.543","21.31","46,571","$0.026","234","133","$14.765","","","","","","","","","","","","","","","","","","","","","","","","","","","","","","","","","","","","","","","","","","","","","","","","","","","","","","","",""
"89","$1.223","$0.008","$0.013","$0.018","","","","","","","","$1.182","$0.039","38.26","$0.179","555.52","1,213,813","$0.01","6,045","158","$0.252","1.44","$0.499","26.89","58,744","$0.016","236","164","$11.108","1.74","$0.545","21.42","46,801","$0.027","230","132","$15.439","","","","","","","","","","","","","","","","","","","","","","","","","","","","","","","","","","","","","","","","","","","","","","","","","","","","","","","",""
"90","$1.227","$0.009","$0.012","$0.025","","","","","","","","$1.035","$0.046","52.83","$0.18","559.24","1,221,949","$0.012","8,136","154","$0.224","1.53","$0.501","27","58,990","$0.015","246","161","$9.641","2.18","$0.547","21.56","47,117","$0.033","316","145","$15.218","","","","","","","","","","","","","","","","","","","","","","","","","","","","","","","","","","","","","","","","","","","","","","","","","","","","","","","",""
"91","$1.23","$0.009","$0.013","$0.017","","","","","","","","$1.03","$0.038","43.16","$0.18","562.35","1,228,725","$0.011","6,776","157","$0.249","1.56","$0.502","27.11","59,227","$0.017","237","152","$10.659","1.78","$0.548","21.67","47,339","$0.026","222","125","$14.574","","","","","","","","","","","","","","","","","","","","","","","","","","","","","","","","","","","","","","","","","","","","","","","","","","","","","","","",""
"92","$1.233","$0.006","$0.01","$0.01","","","","","","","","$1.003","$0.025","28.99","$0.181","564.4","1,233,219","$0.007","4,494","155","$0.243","1.25","$0.503","27.2","59,429","$0.012","202","161","$9.546","1.56","$0.549","21.73","47,479","$0.02","140","90","$13.05","","","","","","","","","","","","","","","","","","","","","","","","","","","","","","","","","","","","","","","","","","","","","","","","","","","","","","","",""
"93","$1.236","$0.008","$0.01","$0.02","","","","","","","","$1.108","$0.038","40.54","$0.182","567.19","1,239,300","$0.01","6,081","150","$0.258","1.35","$0.503","27.29","59,633","$0.013","204","151","$9.687","2.01","$0.551","21.86","47,765","$0.026","286","142","$13.073","","","","","","","","","","","","","","","","","","","","","","","","","","","","","","","","","","","","","","","","","","","","","","","","","","","","","","","",""
"94","$1.238","$0.006","$0.01","$0.011","","","","","","","","$1.11","$0.027","28.75","$0.182","569.11","1,243,498","$0.007","4,198","146","$0.258","1.3","$0.504","27.38","59,825","$0.013","192","148","$10.02","1.72","$0.552","21.93","47,927","$0.022","162","94","$12.605","","","","","","","","","","","","","","","","","","","","","","","","","","","","","","","","","","","","","","","","","","","","","","","","","","","","","","","",""
"95","$1.242","$0.009","$0.013","$0.024","","","","","","","","$1.221","$0.046","44.75","$0.183","572.08","1,249,987","$0.012","6,489","145","$0.264","1.55","$0.505","27.49","60,072","$0.015","247","159","$9.612","2.31","$0.554","22.08","48,255","$0.032","328","142","$13.844","","","","","","","","","","","","","","","","","","","","","","","","","","","","","","","","","","","","","","","","","","","","","","","","","","","","","","","",""
"96","$1.245","$0.006","$0.01","$0.018","","","","","","","","$1.425","$0.034","28.94","$0.183","573.93","1,254,038","$0.008","4,051","140","$0.261","1.23","$0.506","27.58","60,263","$0.012","191","155","$9.909","1.69","$0.556","22.2","48,499","$0.024","244","144","$14.111","","","","","","","","","","","","","","","","","","","","","","","","","","","","","","","","","","","","","","","","","","","","","","","","","","","","","","","",""
"97","$1.249","$0.007","$0.011","$0.028","","","","","","","","$1.357","$0.045","40.83","$0.184","576.51","1,259,672","$0.009","5,634","138","$0.223","1.34","$0.507","27.68","60,473","$0.012","210","157","$9.299","2.08","$0.558","22.34","48,815","$0.034","316","152","$16.305","","","","","","","","","","","","","","","","","","","","","","","","","","","","","","","","","","","","","","","","","","","","","","","","","","","","","","","",""
"98","$1.252","$0.006","$0.01","$0.017","","","","","","","","$1.205","$0.032","32.31","$0.184","578.58","1,264,196","$0.007","4,524","140","$0.228","1.25","$0.508","27.76","60,660","$0.012","187","150","$9.591","1.85","$0.559","22.43","49,002","$0.03","187","101","$16.454","","","","","","","","","","","","","","","","","","","","","","","","","","","","","","","","","","","","","","","","","","","","","","","","","","","","","","","",""
"99","$1.255","$0.008","$0.011","$0.016","","","","","","","","$0.888","$0.035","48.86","$0.185","581.67","1,270,939","$0.01","6,743","138","$0.21","1.6","$0.509","27.87","60,890","$0.014","230","144","$8.826","1.85","$0.561","22.51","49,187","$0.029","185","100","$15.718","","","","","","","","","","","","","","","","","","","","","","","","","","","","","","","","","","","","","","","","","","","","","","","","","","","","","","","",""
"100","$1.258","$0.006","$0.013","$0.022","","","","","","","","$1.272","$0.041","38.41","$0.185","584.09","1,276,239","$0.008","5,300","138","$0.205","1.46","$0.51","27.96","61,103","$0.016","213","146","$11.177","1.91","$0.562","22.62","49,434","$0.03","247","129","$15.625","","","","","","","","","","","","","","","","","","","","","","","","","","","","","","","","","","","","","","","","","","","","","","","","","","","","","","","",""